{
  "assets": [
    {
      "name": "3D",
      "video": "https://archive.org/download/matrix_screensaver/3d.mp4"
    },
    {
      "name": "3D Alternative",
      "video": "https://archive.org/download/matrix_screensaver/3d_alternative.mp4"
    },
    {
      "name": "Black and White",
      "video": "https://archive.org/download/matrix_screensaver/black_and_white.mp4"
    },
    {
      "name": "Bugs",
      "video": "https://archive.org/download/matrix_screensaver/bugs.mp4"
    },
    {
      "name": "Classic",
      "video": "https://archive.org/download/matrix_screensaver/classic.mp4"
    },
    {
      "name": "Classic Intro",
      "video": "https://archive.org/download/matrix_screensaver/classic_intro.mp4"
    },
    {
      "name": "Debug",
      "video": "https://archive.org/download/matrix_screensaver/debug.mp4"
    },
    {
      "name": "Megacity",
      "video": "https://archive.org/download/matrix_screensaver/megacity.mp4"
    },
    {
      "name": "Morpheus",
      "video": "https://archive.org/download/matrix_screensaver/morpheus.mp4"
    },
    {
      "name": "Nightmare",
      "video": "https://archive.org/download/matrix_screensaver/nightmare.mp4"
    },
    {
      "name": "Operator",
      "video": "https://archive.org/download/matrix_screensaver/operator.mp4"
    },
    {
      "name": "Palimpsest",
      "video": "https://archive.org/download/matrix_screensaver/palimpsest.mp4"
    },
    {
      "name": "Paradise",
      "video": "https://archive.org/download/matrix_screensaver/paradise.mp4"
    },
    {
      "name": "Rainbow",
      "video": "https://archive.org/download/matrix_screensaver/rainbow.mp4"
    },
    {
      "name": "Resurrections",
      "video": "https://archive.org/download/matrix_screensaver/resurrections.mp4"
    },
    {
      "name": "Trinity",
      "video": "https://archive.org/download/matrix_screensaver/trinity.mp4"
    },
    {
      "name": "Twilight",
      "video": "https://archive.org/download/matrix_screensaver/twilight.mp4"
    }
  ]
}