<?xml version="1.0" encoding="UTF-8" standalone="yes"?>
<addon id="screensaver.matrix" name="Matrix" version="1.0.0" provider-name="jamal2362">
	<requires>
		<import addon="xbmc.python" version="3.0.0"/>
	</requires>
	<extension point="xbmc.ui.screensaver" library="entrypointscreensaver.py" />
	<extension point="xbmc.python.script" library="entrypointscript.py">
		<provides>video</provides>
	</extension>
	<extension point="xbmc.service" library="service.py"/>
	<extension point="xbmc.addon.metadata">
		<platform>all</platform>
		<license>GPL-3.0-or-later</license>
		<source>https://github.com/jamal2362/screensaver.matrix</source>
		<summary lang="en_GB">Matrix screensaver in Kodi</summary>
		<summary lang="de_DE">Matrix-Bildschirmschoner in Kodi</summary>
		<description lang="en_GB">This screensaver addon provides Matrix screensavers in Kodi</description>
		<description lang="de_DE">Dieses Bildschirmschoner-Addon bietet Matrix-Bildschirmschoner in Kodi</description>
		<assets>
			<icon>icon.png</icon>
			<fanart>fanart.jpg</fanart>
			<screenshot>resources/screenshots/screenshot-01.jpg</screenshot>
			<screenshot>resources/screenshots/screenshot-02.jpg</screenshot>
			<screenshot>resources/screenshots/screenshot-03.jpg</screenshot>
			<screenshot>resources/screenshots/screenshot-04.jpg</screenshot>
		</assets>
	</extension>
</addon>
