{
  "assets": [
    {
      "name": "3D",
      "video": "https://pub-16308b6ff90047bb8e3ab2e3513f9520.r2.dev/3d.mp4"
    },
    {
      "name": "3D Alternative",
      "video": "https://pub-16308b6ff90047bb8e3ab2e3513f9520.r2.dev/3d_alternative.mp4"
    },
    {
      "name": "Black and White",
      "video": "https://pub-16308b6ff90047bb8e3ab2e3513f9520.r2.dev/black_and_white.mp4"
    },
    {
      "name": "Bugs",
      "video": "https://pub-16308b6ff90047bb8e3ab2e3513f9520.r2.dev/bugs.mp4"
    },
    {
      "name": "Classic",
      "video": "https://pub-16308b6ff90047bb8e3ab2e3513f9520.r2.dev/classic.mp4"
    },
    {
      "name": "Classic Intro",
      "video": "https://pub-16308b6ff90047bb8e3ab2e3513f9520.r2.dev/classic_intro.mp4"
    },
    {
      "name": "Debug",
      "video": "https://pub-16308b6ff90047bb8e3ab2e3513f9520.r2.dev/debug.mp4"
    },
    {
      "name": "Megacity",
      "video": "https://pub-16308b6ff90047bb8e3ab2e3513f9520.r2.dev/megacity.mp4"
    },
    {
      "name": "Morpheus",
      "video": "https://pub-16308b6ff90047bb8e3ab2e3513f9520.r2.dev/morpheus.mp4"
    },
    {
      "name": "Nightmare",
      "video": "https://pub-16308b6ff90047bb8e3ab2e3513f9520.r2.dev/nightmare.mp4"
    },
    {
      "name": "Operator",
      "video": "https://pub-16308b6ff90047bb8e3ab2e3513f9520.r2.dev/operator.mp4"
    },
    {
      "name": "Palimpsest",
      "video": "https://pub-16308b6ff90047bb8e3ab2e3513f9520.r2.dev/palimpsest.mp4"
    },
    {
      "name": "Paradise",
      "video": "https://pub-16308b6ff90047bb8e3ab2e3513f9520.r2.dev/paradise.mp4"
    },
    {
      "name": "Rainbow",
      "video": "https://pub-16308b6ff90047bb8e3ab2e3513f9520.r2.dev/rainbow.mp4"
    },
    {
      "name": "Resurrections",
      "video": "https://pub-16308b6ff90047bb8e3ab2e3513f9520.r2.dev/resurrections.mp4"
    },
    {
      "name": "Trinity",
      "video": "https://pub-16308b6ff90047bb8e3ab2e3513f9520.r2.dev/trinity.mp4"
    },
    {
      "name": "Twilight",
      "video": "https://pub-16308b6ff90047bb8e3ab2e3513f9520.r2.dev/twilight.mp4"
    }
  ]
}